request_type,count
"Resolved by hubNashville on First Call",604925
"Trash, Recycling & Litter",486845
"Public Safety",281781
"Streets, Roads & Sidewalks",252182
"Property Violations",130137
"Public Works WO",44800
"Transit",21977
"Other Metro Services and Forms",20522
"Electric & Water General",20471
"COVID-19",19247
"Pothole",7168
"Do Not Knock Registry",6998
"New Service / Activate Service",6414
"Street Lighting",6383
"Illegal Dumping",5412
"Cart Service",5258
"Permits",5210
"Parks",5062
"Contact the Mayor's Office",3843
"Cars Parked On Lawn",3486
"COVID-19 Report Violations",3167
"Public_Works_WO",2902
"Parks and Environment",2881
"Customer Experience Surveys",2714
"Tree Maintenance on right of way",2653
"Tree Removal or Maintenance on right of way",2349
"Other",2193
"American Rescue Plan Fund Survey",2127
"Power Lines Down or Low",1853
"Missed Pickup - Cart Service",1492
"Blocking the Right of Way",1226
"Police Chief Search",1082
"Other - Trash / Recycle",811
"Blocked Drain",797
"File a Trash or Recycling Complaint",773
"Schedule an Event with the Mayor - General Form",671
"Planning & Zoning",656
"2022 - Participatory Budget Project Ballot",608
"Traffic Light Issue",551
"Traffic Calming",546
"Trees",528
"Tree Trimming On or Near Power Lines",509
"Remove debris in roadway",491
"Oops Tag",441
"Extra Cart Pickup Request",419
"Ditch Maintenance",415
"Clogged Culvert & Cross Drains",414
"Litter",346
"Illegal Sign on Private Property",331
"Fire - Life Safety Complaints",326
"Dead Animal Pickup",321
"Damaged Property",312
"Mayor Correspondence Request",305
"Metro Parks Greenway System Survey",287
"Flooding",283
"Traffic Light Timing",282
"Report Broken Meter Box",267
"Damage to Property",257
"Entertainment Transportation Violations",246
"Repair Storm Drain",226
"Overgrowth on right of way",226
"2022 - Participatory Budget Project Ballot (Old)",213
"2nd Avenue Explosion Information and Assistance",213
"Request a Meeting with the Mayor",210
"Obstruction of right of way",198
"Storm Relief",193
"Snow and Ice Removal",183
"Tree Planting Sites",182
"Damaged Sign",175
"Missed Pickup - Recycle Cart Service",170
"Roadwork Complaint",165
"Remove Other",164
"Junk and Debris",160
"Tree Concerns",146
"Paving Request",139
"Request New Sign",133
"Brush Collection",127
"Sidewalks",111
"Obstruction of right of way (non-vehicle)",111
"Traffic Engineering and Crosswalks",103
"State Routes",102
"Other-Roadways",101
"Planning and Zoning",100
"Missed Pickup - Dumpster Service",90
"Short Term Rental Permits",81
"Remove Storm Debris",78
"Metro/Non-Profit/Community Based Out of School Programing Provider Survey",77
"Unwanted Recycling or Trash",77
"COVID-19 Submit Input about The Plan to Reopen Nashville",71
"Waste Services Trash Collection Survey",69
"Curbing and Berms",68
"Residential Complaint",65
"Missed Pickup - Trash Cart Service",62
"Backdoor Trash or Recycle Waivers",62
"MEANS (Metro Emergency Alert & Notification System)",57
"Guard Rails",57
"Request Repair to Private Property",48
"Entertainment District Safety Concerns",47
"Metro Parks Community Centers Survey",45
"Shoulders",45
"Waste Services Recycling Collection Survey",43
"Taxi Cab/Wrecker/Uber Black/Booting Consumer Complaints",43
"Metro Water Services Customer Experience Survey",40
"Public Records Request",37
"WeGo Public Transit Comments",37
"Mowing on right of way",33
"Community Partnership and Service Enhancement Application",32
"Library Materials Checkout Experience Survey",31
"Request a Speed Monitor Trailer",31
"Tall Grass and Weeds",27
"Reopening Safely",26
"Request New Signal",26
"Graffiti",26
"Cart Violation",25
"Traffic Engineering",25
"Tree Panel Review Notification",24
"Education & Libraries",24
"Complaint",24
"WeGo Customer Experience Survey",23
"Park Event Permits",22
"OEMGURAIL",20
"Metro Codes and Building Safety Customer Experience Survey",20
"Driveway Transition/Drop Off",20
"Service Request",20
"Building Permits",20
"Improperly Parked Vehicles",19
"Report Concerns about Trees",18
"Maintenance Request",17
"Abandoned Vehicles",16
"Request Non-Emergency Police Assistance",11
"Fire-Medical Response Survey",10
"Request Assistance with Historic Downtown Recovery",10
"Dip/Bump in Roadway",9
"Noise Violations",8
"Workforce & Jobs",8
"Violence Interruption Pilot Application Submission",7
"Dilapidated Structures",7
"Control Number Request for Towing",7
"Bridge Damage",7
"Home Occupation Reporting",7
"COVID-19 Questions",7
"Community Safety Partnership Fund Application",7
"Water Billing Concern",7
"Short Term Rental Complaint",7
"Power Outage",7
"Submit Participatory Budget Project Ideas",6
"FY2024 Operating Budget Priorities Survey",6
"Debris Removal",6
"Illegal Parking or Blocking",6
"Right of Way Ash Tree Treatment Notification",6
"Erosion Complaints",6
"Notify Metro that you have treated an Ash Tree",5
"Sinkhole",5
"Parks Police Concern",5
"Street Sweeping",5
"Winter Weather Requests",5
"Winter Weather Recovery",5
"Tenant Complaint",4
"Repair Bike Lane Bollards",4
"Water Outage",4
"EMS Ambulance Experience Survey",4
"Missing Trash Cart",4
"Farmers Market Farm Shed Offering Experience Survey",3
"Stormwater Pollution",3
"WeGo Access Comments",3
"Quick Request",3
"Fence Complaints",3
"Information Request",3
"Noise Violations - Construction Noise",3
"Request Repair of a Speed Hump/Cushion",3
"OEMTREE",2
"Consumer Protection Request",2
"Parking Meter Bag Request",2
"Metro In-house Miss",2
"Animal Welfare Concern",2
"Electric Billing Concern",2
"Fairgrounds Event Customer Experience Survey",2
"OEMSTRUCT",2
"MyCity Academy Application",2
"Repair Manhole",2
"Repossessed Vehicle",2
"Driveway Pipes",2
"Social Services & Housing",1
"Farmers Market Market House Offering Experience Survey",1
"MNPD Public Records Request",1
"Napier and Sudekum Violence Reduction Grant Application",1
"EMS Concern",1
"Shared Scooter and Bike Issues",1
"Report a sign in an undesired location",1
"Parking Permits - OLD",1
"Stray Animals",1
"Zoning Request",1
"MHRC Procurement Standards Board Nomination Application",1
"Narcotics/Prostitution/Loitering",1
"Fairgrounds Flea Market Customer Experience Survey",1
"Farmers Market Online Ordering Experience Survey",1
"Historical Commission Preservation Permit Experience Survey",1
"i. Schedule an Event with the Mayor - Follow Up for Attend",1
"Lost / Stolen Property",1
"ii. Schedule an Event with the Mayor - Follow Up for Remarks",1
"Sewer Service Line Assistance Request",1
"Report Violation of Historic Zoning Permits",1
"Report Fraud",1