request_type,subtype,count
"2022 - Participatory Budget Project Ballot","Participatory Budget Project Ballot",608
"2022 - Participatory Budget Project Ballot (Old)","Participatory Budget Project Ballot",212
"2022 - Participatory Budget Project Ballot (Old)","(none)",1
"2nd Avenue Explosion Information and Assistance","2nd Avenue Explosion Information and Assistance",213
"Abandoned Vehicles","Abandoned Vehicles",6
"Abandoned Vehicles","Cars Parked on Lawn",6
"Abandoned Vehicles","Report a Crime",2
"Abandoned Vehicles","(none)",1
"Abandoned Vehicles","Vehicle and Parking Violations",1
"American Rescue Plan Fund Survey","American Rescue Plan Fund Survey",2117
"American Rescue Plan Fund Survey","(none)",9
"American Rescue Plan Fund Survey","Metro Parks Community Centers Survey",1
"Animal Welfare Concern","Animal Welfare Concern",1
"Animal Welfare Concern","(none)",1
"Backdoor Trash or Recycle Waivers","Backdoor Trash or Recycle Waivers",62
"Blocked Drain","Blocked Drain",794
"Blocked Drain","Clogged Culvert",1
"Blocked Drain","Repair Storm Drain",1
"Blocked Drain","Other-Roadways",1
"Blocking the Right of Way","Blocking the Right of Way",1216
"Blocking the Right of Way","Tree Maintenance on right of way",7
"Blocking the Right of Way","Report a Crime",1
"Blocking the Right of Way","Street Lighting",1
"Blocking the Right of Way","Illegal Dumping",1
"Bridge Damage","Bridge Damage",6
"Bridge Damage","Homelessness",1
"Brush Collection","Brush Collection",92
"Brush Collection","Illegal Dumping",15
"Brush Collection","Tree Maintenance on right of way",10
"Brush Collection","Tree Trimming",5
"Brush Collection","Remove Storm Debris",4
"Brush Collection","Flooding Issues",1
"Building Permits","Building Permits",15
"Building Permits","(none)",4
"Building Permits","Contractor Complaint",1
"Cars Parked On Lawn","Cars Parked on Lawn",3479
"Cars Parked On Lawn","Report a Crime",3
"Cars Parked On Lawn","(none)",2
"Cars Parked On Lawn","Obstruction of right of way",1
"Cars Parked On Lawn","Illegal Dumping",1
"Cart Service","Request 2nd Trash Cart",1581
"Cart Service","Cart Service",1417
"Cart Service","Recycle Service Issue",1139
"Cart Service","Recycle Cart Stolen / Moved to Home with No Recycle Cart",821
"Cart Service","New Service/Activate Service",274
"Cart Service","(none)",13
"Cart Service","Other-Trash / Recycle",10
"Cart Service","Recycling Drop Off Sites",1
"Cart Service","Residential Dumpster Services",1
"Cart Service","Trash Service Issue",1
"Cart Violation","Cart Violation",12
"Cart Violation","Illegal Dumping",9
"Cart Violation","Oops Tags",1
"Cart Violation","New Service/Activate Service",1
"Cart Violation","Other-Trash / Recycle",1
"Cart Violation","Request 2nd Trash Cart",1
"Clogged Culvert & Cross Drains","Clogged Culvert",412
"Clogged Culvert & Cross Drains","Clean Ditches",1
"Clogged Culvert & Cross Drains","Blocked Drain",1
"Community Partnership and Service Enhancement Application","(none)",32
"Community Safety Partnership Fund Application","(none)",6
"Community Safety Partnership Fund Application","Mayor's Office - Community Safety Partnership Fund Application",1
"Complaint","Traffic Engineering and Crosswalks",10
"Complaint","Cars Parked on Lawn",3
"Complaint","Illegal Dumping",3
"Complaint","Remove Other",1
"Complaint","Paving Request",1
"Complaint","Remove debris in roadway",1
"Complaint","Request a Speed Monitor Trailer",1
"Complaint","Guard Rails",1
"Complaint","Litter",1
"Complaint","Missed Pickup - Recycle Cart Service",1
"Complaint","Missed Pickup - Trash Cart Service",1
"Consumer Protection Request","Consumer Protection Request",2
"Contact the Mayor's Office","Mayor's Office Case",3811
"Contact the Mayor's Office","COVID-19 - Submit Input about The Plan to Reopen Nashville",8
"Contact the Mayor's Office","Traffic Engineering and Crosswalks",7
"Contact the Mayor's Office","(none)",5
"Contact the Mayor's Office","Traffic Calming",3
"Contact the Mayor's Office","Tree Maintenance on right of way",2
"Contact the Mayor's Office","Contractor Complaint",2
"Contact the Mayor's Office","Sidewalks",1
"Contact the Mayor's Office","Paving Request",1
"Contact the Mayor's Office","Remove Storm Debris",1
"Contact the Mayor's Office","Homelessness",1
"Contact the Mayor's Office","Compliments and Suggestions",1
"Control Number Request for Towing","(none)",5
"Control Number Request for Towing","Control Number Request for Towing",2
"COVID-19","COVID-19 Violations",11489
"COVID-19","COVID-19 Questions",6559
"COVID-19","COVID-19 - Submit Input about The Plan to Reopen Nashville",1009
"COVID-19","COVID-19 Guidance for Reopening Businesses",189
"COVID-19","(none)",1
"COVID-19 Questions","(none)",6
"COVID-19 Questions","COVID-19 Violations",1
"COVID-19 Report Violations","COVID-19 Violations",3160
"COVID-19 Report Violations","(none)",7
"COVID-19 Submit Input about The Plan to Reopen Nashville","COVID-19 - Submit Input about The Plan to Reopen Nashville",71
"Curbing and Berms","Curbing and Berms",58
"Curbing and Berms","Flooding Issues",4
"Curbing and Berms","Clogged Culvert",2
"Curbing and Berms","(none)",1
"Curbing and Berms","Clean Ditches",1
"Curbing and Berms","Repair Storm Drain",1
"Curbing and Berms","Contractor Complaint",1
"Customer Experience Surveys","Parks - 2021 Electric Bike Greenway Access Survey",2680
"Customer Experience Surveys","Metro Parks Community Centers Survey",19
"Customer Experience Surveys","(none)",11
"Customer Experience Surveys","Farmers Market Online Ordering Experience Survey",3
"Customer Experience Surveys","Metro Parks Greenway System Survey",1
"Damage to Property","Damage to Property",142
"Damage to Property","(none)",103
"Damage to Property","Recycle Service Issue",8
"Damage to Property","Tree Maintenance on right of way",1
"Damage to Property","File a Trash or Recycling Complaint",1
"Damage to Property","Illegal Dumping",1
"Damage to Property","Power Lines Down/Low",1
"Damaged Property","Damaged Property",309
"Damaged Property","(none)",1
"Damaged Property","Potholes",1
"Damaged Property","Damage to Property",1
"Damaged Sign","Damaged Sign",150
"Damaged Sign","(none)",6
"Damaged Sign","Power Lines Down/Low",4
"Damaged Sign","Street Lighting",3
"Damaged Sign","Litter Basket",3
"Damaged Sign","Contractor Complaint",2
"Damaged Sign","Report a Crime",1
"Damaged Sign","COVID-19 Violations",1
"Damaged Sign","Request New Sign",1
"Damaged Sign","Illegal Dumping",1
"Damaged Sign","Request for a New/Improved Bikeway",1
"Damaged Sign","Clerk - Do Not Knock Registry",1
"Damaged Sign","Blocked Drain",1
"Dead Animal Pickup","Dead Animal Pickup",321
"Debris Removal","Tree Maintenance on right of way",2
"Debris Removal","Illegal Dumping",1
"Debris Removal","Clogged Culvert",1
"Debris Removal","Homelessness",1
"Debris Removal","Clean Ditches",1
"Dilapidated Structures","Dilapidated Structures",2
"Dilapidated Structures","Homelessness",2
"Dilapidated Structures","(none)",1
"Dilapidated Structures","Power Lines Down/Low",1
"Dilapidated Structures","Illegal Dumping",1
"Dip/Bump in Roadway","Contractor Complaint",6
"Dip/Bump in Roadway","Traffic Calming",2
"Dip/Bump in Roadway","Clean Ditches",1
"Ditch Maintenance","Clean Ditches",414
"Ditch Maintenance","Contractor Complaint",1
"Do Not Knock Registry","Clerk - Do Not Knock Registry",6998
"Driveway Pipes","Clogged Culvert",1
"Driveway Pipes","Blocked Drain",1
"Driveway Transition/Drop Off","Driveway Transition/Drop Off",14
"Driveway Transition/Drop Off","Contractor Complaint",3
"Driveway Transition/Drop Off","Clogged Culvert",2
"Driveway Transition/Drop Off","Report a Crime",1
"Education & Libraries","MNPS – Facilities",9
"Education & Libraries","Community Education",6
"Education & Libraries","(none)",3
"Education & Libraries","Litter",1
"Education & Libraries","Other Request Type",1
"Education & Libraries","School Locations",1
"Education & Libraries","Library Locations",1
"Education & Libraries","Head Start",1
"Education & Libraries","School Bus",1
"Electric & Water General","Water Outage",2631
"Electric & Water General","Power Lines Down/Low",2326
"Electric & Water General","Water Billing Concern",1840
"Electric & Water General","Debris Removal",1824
"Electric & Water General","Broken Fire Hydrant",1718
"Electric & Water General","Blocked Drain",1590
"Electric & Water General","Flooding Issues",944
"Electric & Water General","Clogged Culvert",806
"Electric & Water General","Repair Manhole",730
"Electric & Water General","Tree Trimming",726
"Electric & Water General","Clean Ditches",626
"Electric & Water General","Construction Site Runoff",580
"Electric & Water General","Stormwater Pollution",574
"Electric & Water General","Sinkhole",570
"Electric & Water General","Erosion Complaints",550
"Electric & Water General","Repair Storm Drain",473
"Electric & Water General","Electric Billing Concern",462
"Electric & Water General","Repair Broken Meter Box",427
"Electric & Water General","Power Outage",353
"Electric & Water General","Sewer Service Line Assistance Request",339
"Electric & Water General","Driveway Pipes",261
"Electric & Water General","Street Lighting",38
"Electric & Water General","Inlet Maintenance",10
"Electric & Water General","Tree Maintenance on right of way",7
"Electric & Water General","Curbing and Berms",7
"Electric & Water General","(none)",5
"Electric & Water General","Other-Roadways",5
"Electric & Water General","Paving Request",5
"Electric & Water General","Sidewalks",5
"Electric & Water General","Dip/Bump in Roadway",4
"Electric & Water General","Remove Other",4
"Electric & Water General","Request Repair to Private Property",4
"Electric & Water General","Shoulders",4
"Electric & Water General","Remove debris in roadway",3
"Electric & Water General","Portable Water Fountain Request",2
"Electric & Water General","Mowing on right of way",2
"Electric & Water General","Litter",2
"Electric & Water General","Driveway Transition/Drop Off",2
"Electric & Water General","Request New Signal",2
"Electric & Water General","Report Street Light Outage",1
"Electric & Water General","Cross Drains",1
"Electric & Water General","Roadwork Complaint",1
"Electric & Water General","Drain Repair",1
"Electric & Water General","Street Sweeping",1
"Electric & Water General","Graffiti",1
"Electric & Water General","Damaged Sign",1
"Electric & Water General","Bridge Damage",1
"Electric & Water General","Obstruction of right of way",1
"Electric & Water General","Overgrowth on right of way",1
"Electric Billing Concern","Electric Billing Concern",1
"Electric Billing Concern","Rental and Utility Assistance",1
"EMS Ambulance Experience Survey","(none)",4
"EMS Concern","Tree Maintenance on right of way",1
"Entertainment District Safety Concerns","Entertainment District Safety Concerns",47
"Entertainment Transportation Violations","Entertainment Transportation Violations",246
"Erosion Complaints","Flooding Issues",5
"Erosion Complaints","(none)",1
"Extra Cart Pickup Request","Extra Cart Pickup Request",416
"Extra Cart Pickup Request","Other-Trash / Recycle",1
"Extra Cart Pickup Request","New Service/Activate Service",1
"Extra Cart Pickup Request","Unwanted Recycling or Trash",1
"Fairgrounds Event Customer Experience Survey","Fairgrounds Event Customer Experience Survey",2
"Fairgrounds Flea Market Customer Experience Survey","Fairgrounds Flea Market Customer Experience Survey",1
"Farmers Market Farm Shed Offering Experience Survey","Farmers Market Farm Shed Offering Experience Survey",2
"Farmers Market Farm Shed Offering Experience Survey","(none)",1
"Farmers Market Market House Offering Experience Survey","Farmers Market Market House Offering Experience Survey",1
"Farmers Market Online Ordering Experience Survey","Farmers Market Online Ordering Experience Survey",1
"Fence Complaints","Clean Ditches",1
"Fence Complaints","Illegal Dumping",1
"Fence Complaints","Blocked Drain",1
"File a Trash or Recycling Complaint","Recycle Service Issue",452
"File a Trash or Recycling Complaint","File a Trash or Recycling Complaint",229
"File a Trash or Recycling Complaint","Trash in Recycling Cart",38
"File a Trash or Recycling Complaint","Illegal Dumping",15
"File a Trash or Recycling Complaint","New Service/Activate Service",10
"File a Trash or Recycling Complaint","(none)",6
"File a Trash or Recycling Complaint","Recycle Cart Stolen / Moved to Home with No Recycle Cart",5
"File a Trash or Recycling Complaint","Other-Trash / Recycle",4
"File a Trash or Recycling Complaint","Litter Basket",4
"File a Trash or Recycling Complaint","Convenience Centers",2
"File a Trash or Recycling Complaint","Residential Dumpster Services",2
"File a Trash or Recycling Complaint","Damage to Property",2
"File a Trash or Recycling Complaint","Tree Maintenance on right of way",1
"File a Trash or Recycling Complaint","Report a Crime",1
"File a Trash or Recycling Complaint","Homelessness",1
"File a Trash or Recycling Complaint","Request 2nd Trash Cart",1
"Fire - Life Safety Complaints","Fire Life Safety Complaints",326
"Fire-Medical Response Survey","Fire-Medical Response Survey",8
"Fire-Medical Response Survey","(none)",2
"Flooding","Flooding Issues",283
"FY2024 Operating Budget Priorities Survey","(none)",6
"Graffiti","Graffiti",19
"Graffiti","Power Lines Down/Low",4
"Graffiti","Street Lighting",2
"Graffiti","(none)",1
"Guard Rails","Guard Rails",48
"Guard Rails","Traffic Calming",4
"Guard Rails","(none)",2
"Guard Rails","Miscellaneous",1
"Guard Rails","Illegal Dumping",1
"Guard Rails","Contractor Complaint",1
"Historical Commission Preservation Permit Experience Survey","Historical Commission Preservation Permit Experience Survey",1
"Home Occupation Reporting","Homelessness",3
"Home Occupation Reporting","Cars Parked on Lawn",2
"Home Occupation Reporting","Report a Crime",1
"Home Occupation Reporting","Illegal Dumping",1
"i. Schedule an Event with the Mayor - Follow Up for Attend","Schedule an Event with the Mayor",1
"ii. Schedule an Event with the Mayor - Follow Up for Remarks","Schedule an Event with the Mayor",1
"Illegal Dumping","Illegal Dumping",5351
"Illegal Dumping","Homelessness",40
"Illegal Dumping","Clogged Culvert",4
"Illegal Dumping","Blocked Drain",3
"Illegal Dumping","Clean Ditches",2
"Illegal Dumping","Trash in Recycling Cart",2
"Illegal Dumping","Contractor Complaint",2
"Illegal Dumping","Remove Storm Debris",1
"Illegal Dumping","Illegal Dumping in Roadway",1
"Illegal Dumping","New Service/Activate Service",1
"Illegal Dumping","Mayor's Office Case",1
"Illegal Dumping","Damage to Property",1
"Illegal Dumping","(none)",1
"Illegal Dumping","Cars Parked on Lawn",1
"Illegal Dumping","Vehicle and Parking Violations",1
"Illegal Parking or Blocking","Report a Crime",2
"Illegal Parking or Blocking","Traffic Engineering and Crosswalks",1
"Illegal Parking or Blocking","Cars Parked on Lawn",1
"Illegal Parking or Blocking","(none)",1
"Illegal Parking or Blocking","Vehicle and Parking Violations",1
"Illegal Sign on Private Property","Illegal Signs on Private Property",331
"Improperly Parked Vehicles","Cars Parked on Lawn",7
"Improperly Parked Vehicles","Contractor Complaint",5
"Improperly Parked Vehicles","Vehicle and Parking Violations",3
"Improperly Parked Vehicles","Traffic Engineering and Crosswalks",2
"Improperly Parked Vehicles","Request for a New/Improved Bikeway",1
"Improperly Parked Vehicles","(none)",1
"Information Request","Traffic Engineering and Crosswalks",3
"Junk and Debris","Illegal Dumping",110
"Junk and Debris","Junk and Debris",22
"Junk and Debris","Homelessness",17
"Junk and Debris","(none)",3
"Junk and Debris","Cars Parked on Lawn",2
"Junk and Debris","Tree Maintenance on right of way",1
"Junk and Debris","Neighborhood Watch",1
"Junk and Debris","Clean Ditches",1
"Junk and Debris","Tree Trimming",1
"Junk and Debris","Street Lighting",1
"Junk and Debris","Section 8 and Housing Vouchers",1
"Library Materials Checkout Experience Survey","Library Materials Checkout Experience Survey",30
"Library Materials Checkout Experience Survey","(none)",1
"Litter","Litter",139
"Litter","Illegal Dumping",106
"Litter","Homelessness",78
"Litter","Clean Ditches",5
"Litter","Power Lines Down/Low",4
"Litter","Tree Maintenance on right of way",2
"Litter","Clogged Culvert",2
"Litter","Litter Basket",2
"Litter","(none)",2
"Litter","Contractor Complaint",2
"Litter","Blocked Drain",1
"Litter","Other-Trash / Recycle",1
"Litter","PW - Report a Litterbug",1
"Litter","Flooding Issues",1
"Lost / Stolen Property","(none)",1
"Maintenance Request","MTA Bus Comments",7
"Maintenance Request","Tree Maintenance on right of way",2
"Maintenance Request","Other Request Type",2
"Maintenance Request","Reserving Parks or Shelters",1
"Maintenance Request","Blocked Drain",1
"Maintenance Request","Contact the Mayor: Mayor?s Office of Neighborhoods and Community Engagement",1
"Maintenance Request","MTA Planning",1
"Maintenance Request","Park Maintenance Request",1
"Maintenance Request","Roadway",1
"Mayor Correspondence Request","Mayor Correspondence Request",305
"MEANS (Metro Emergency Alert & Notification System)","MEANS (Metro Emergency Alert Notification System)",35
"MEANS (Metro Emergency Alert & Notification System)","MEANS Metro Emergency Alert Notification System",22
"Metro Codes and Building Safety Customer Experience Survey","Metro Codes and Building Safety Customer Experience Survey",11
"Metro Codes and Building Safety Customer Experience Survey","(none)",9
"Metro In-house Miss","Missed Pickup - Recycle Cart Service",2
"Metro Parks Community Centers Survey","Metro Parks Community Centers Survey",38
"Metro Parks Community Centers Survey","(none)",7
"Metro Parks Greenway System Survey","Metro Parks Greenway System Survey",275
"Metro Parks Greenway System Survey","(none)",12
"Metro Water Services Customer Experience Survey","Metro Water Customer Experience Survey",23
"Metro Water Services Customer Experience Survey","(none)",17
"Metro/Non-Profit/Community Based Out of School Programing Provider Survey","Metro/Non-Profit/Community Based Out of School Programing Provider Survey",76
"Metro/Non-Profit/Community Based Out of School Programing Provider Survey","(none)",1
"MHRC Procurement Standards Board Nomination Application","(none)",1
"Missed Pickup - Cart Service","Missed Pickup - Trash Cart Service",843
"Missed Pickup - Cart Service","Missed Pickup - Recycle Cart Service",648
"Missed Pickup - Cart Service","Other-Trash / Recycle",1
"Missed Pickup - Dumpster Service","Residential Dumpster Services",86
"Missed Pickup - Dumpster Service","Recycle Service Issue",2
"Missed Pickup - Dumpster Service","Recycling Drop Off Sites",1
"Missed Pickup - Dumpster Service","Other-Trash / Recycle",1
"Missed Pickup - Recycle Cart Service","Recycle Service Issue",151
"Missed Pickup - Recycle Cart Service","Missed Pickup - Recycle Cart Service",7
"Missed Pickup - Recycle Cart Service","Other-Trash / Recycle",4
"Missed Pickup - Recycle Cart Service","(none)",3
"Missed Pickup - Recycle Cart Service","New Service/Activate Service",3
"Missed Pickup - Recycle Cart Service","Illegal Dumping",1
"Missed Pickup - Recycle Cart Service","Recycle Cart Stolen / Moved to Home with No Recycle Cart",1
"Missed Pickup - Trash Cart Service","Recycle Service Issue",20
"Missed Pickup - Trash Cart Service","Missed Pickup - Trash Cart Service",13
"Missed Pickup - Trash Cart Service","(none)",7
"Missed Pickup - Trash Cart Service","New Service/Activate Service",7
"Missed Pickup - Trash Cart Service","Other-Trash / Recycle",6
"Missed Pickup - Trash Cart Service","Request 2nd Trash Cart",3
"Missed Pickup - Trash Cart Service","Damage to Property",2
"Missed Pickup - Trash Cart Service","Convenience Centers",1
"Missed Pickup - Trash Cart Service","Trash in Recycling Cart",1
"Missed Pickup - Trash Cart Service","Extra Cart Pickup Request",1
"Missed Pickup - Trash Cart Service","Oops Tags",1
"Missing Trash Cart","Recycle Cart Stolen / Moved to Home with No Recycle Cart",3
"Missing Trash Cart","Request 2nd Trash Cart",1
"MNPD Public Records Request","(none)",1
"Mowing on right of way","Mowing on right of way",30
"Mowing on right of way","Clean Ditches",2
"Mowing on right of way","State Routes",1
"MyCity Academy Application","MyCity Academy",1
"MyCity Academy Application","(none)",1
"Napier and Sudekum Violence Reduction Grant Application","(none)",1
"Narcotics/Prostitution/Loitering","(none)",1
"New Service / Activate Service","New Service/Activate Service",6275
"New Service / Activate Service","Recycle Cart Stolen / Moved to Home with No Recycle Cart",81
"New Service / Activate Service","Other-Trash / Recycle",39
"New Service / Activate Service","Request 2nd Trash Cart",8
"New Service / Activate Service","(none)",5
"New Service / Activate Service","Residential Dumpster Services",4
"New Service / Activate Service","Illegal Dumping",1
"New Service / Activate Service","Recycle Service Issue",1
"Noise Violations","(none)",7
"Noise Violations","Noise Violations",1
"Noise Violations - Construction Noise","Contractor Complaint",2
"Noise Violations - Construction Noise","Illegal Dumping",1
"Notify Metro that you have treated an Ash Tree","Right of Way Ash Tree Treatment Notification",5
"Obstruction of right of way","Tree Maintenance on right of way",104
"Obstruction of right of way","Obstruction of right of way",73
"Obstruction of right of way","Power Lines Down/Low",6
"Obstruction of right of way","Homelessness",3
"Obstruction of right of way","Illegal Dumping",3
"Obstruction of right of way","Contractor Complaint",3
"Obstruction of right of way","Road Closure Permits",2
"Obstruction of right of way","Report a Crime",2
"Obstruction of right of way","Police Precincts",1
"Obstruction of right of way","Blocked Drain",1
"Obstruction of right of way (non-vehicle)","Contractor Complaint",83
"Obstruction of right of way (non-vehicle)","Power Lines Down/Low",7
"Obstruction of right of way (non-vehicle)","Obstruction of right of way",4
"Obstruction of right of way (non-vehicle)","(none)",3
"Obstruction of right of way (non-vehicle)","Traffic Calming",3
"Obstruction of right of way (non-vehicle)","Tree Maintenance on right of way",2
"Obstruction of right of way (non-vehicle)","Illegal Dumping",2
"Obstruction of right of way (non-vehicle)","Request for a New/Improved Bikeway",2
"Obstruction of right of way (non-vehicle)","Vehicle and Parking Violations",2
"Obstruction of right of way (non-vehicle)","Blocked Drain",1
"Obstruction of right of way (non-vehicle)","Homelessness",1
"Obstruction of right of way (non-vehicle)","Repair Broken Meter Box",1
"OEMGURAIL","PW",11
"OEMGURAIL","PWW",5
"OEMGURAIL","PWRD",3
"OEMGURAIL","PWCOM",1
"OEMSTRUCT","PW",2
"OEMTREE","PW",1
"OEMTREE","PWCOM",1
"Oops Tag","Oops Tags",441
"Other","Other",1596
"Other","Report Fraud",95
"Other","Homelessness",53
"Other","Report a Crime",52
"Other","Illegal Dumping",45
"Other","Street Lighting",35
"Other","Cars Parked on Lawn",30
"Other","COVID-19 Violations",29
"Other","Other-Trash / Recycle",26
"Other","Clean Ditches",21
"Other","Power Lines Down/Low",21
"Other","(none)",20
"Other","New Service/Activate Service",15
"Other","Contractor Complaint",14
"Other","Blocked Drain",14
"Other","Traffic Calming",10
"Other","COVID-19 - Submit Input about The Plan to Reopen Nashville",9
"Other","Flooding Issues",9
"Other","Public Record Request",8
"Other","Clogged Culvert",7
"Other","Illegal Signs on Private Property",6
"Other","Other Request Type",6
"Other","Potholes",6
"Other","MEANS (Metro Emergency Alert Notification System)",5
"Other","Repair Storm Drain",4
"Other","Repair Broken Meter Box",4
"Other","Damaged Property",4
"Other","Remove Storm Debris",3
"Other","Police Precincts",3
"Other","Convenience Centers",3
"Other","Fire Halls",3
"Other","Report an Aggressive Driver",3
"Other","Tree Trimming",2
"Other","Taxi Cab/Wrecker/Uber Black/Booting Consumer Complaints",2
"Other","Recycling Education",2
"Other","Greenways Map",2
"Other","Vehicle and Parking Violations",2
"Other","Short Term Rental Permit",1
"Other","Submit Budget Ideas to Mayor Briley",1
"Other","School Bus",1
"Other","Recycling Drop Off Sites",1
"Other","Special Event Permitting",1
"Other","Neighborhood Watch",1
"Other","State Routes",1
"Other","Residential Complaint",1
"Other","Abandoned Vehicles",1
"Other","Obstruction of right of way",1
"Other","Blocking the Right of Way",1
"Other","Oops Tags",1
"Other","Community Education",1
"Other","Traffic Engineering and Crosswalks",1
"Other","Road Closure Permits",1
"Other","Tree Planting Site",1
"Other","Police - Report an Aggressive Driver",1
"Other","Request 2nd Trash Cart",1
"Other","Event Permit Request",1
"Other","Recycle Service Issue",1
"Other","Recycle Cart Stolen / Moved to Home with No Recycle Cart",1
"Other","Pet or Item in Drain",1
"Other","Affordable Housing",1
"Other","Admin Support Request",1
"Other - Trash / Recycle","Other-Trash / Recycle",741
"Other - Trash / Recycle","Recycle Cart Stolen / Moved to Home with No Recycle Cart",19
"Other - Trash / Recycle","Recycle Service Issue",15
"Other - Trash / Recycle","New Service/Activate Service",12
"Other - Trash / Recycle","Illegal Dumping",7
"Other - Trash / Recycle","Remove Storm Debris",5
"Other - Trash / Recycle","Request 2nd Trash Cart",4
"Other - Trash / Recycle","Convenience Centers",2
"Other - Trash / Recycle","Trash in Recycling Cart",1
"Other - Trash / Recycle","Tree Maintenance on right of way",1
"Other - Trash / Recycle","Residential Dumpster Services",1
"Other - Trash / Recycle","Homelessness",1
"Other - Trash / Recycle","Illegal Signs on Private Property",1
"Other - Trash / Recycle","Litter Basket",1
"Other Metro Services and Forms","Mayor's Office Case",6389
"Other Metro Services and Forms","Other",4506
"Other Metro Services and Forms","Clerk - Do Not Knock Registry",3912
"Other Metro Services and Forms","Other Metro Services and Forms",2856
"Other Metro Services and Forms","Submit Participatory Budget Project Ideas",1913
"Other Metro Services and Forms","(none)",289
"Other Metro Services and Forms","Schedule an Event with the Mayor",135
"Other Metro Services and Forms","PW",52
"Other Metro Services and Forms","Mayor's Office - Community Safety Partnership Fund Application",45
"Other Metro Services and Forms","Cure Violence Pilot Application",41
"Other Metro Services and Forms","Register for a Metro Arts Community Listening Session",34
"Other Metro Services and Forms","Election Commission - Voter Registration Card Replacement",28
"Other Metro Services and Forms","Mayor's Office - Financial Empowerment Center Appointment Request",27
"Other Metro Services and Forms","Napier and Sudekum Violence Reduction Grant Application",25
"Other Metro Services and Forms","MyCity Academy",20
"Other Metro Services and Forms","PWRD",20
"Other Metro Services and Forms","Beer Board - Caterer Notice",19
"Other Metro Services and Forms","Community Partnership and Service Enhancement Application",18
"Other Metro Services and Forms","Occupancy Privilege Tax Account Number Application",17
"Other Metro Services and Forms","Consumer Protection Request",16
"Other Metro Services and Forms","NFG - RV Parking Application",14
"Other Metro Services and Forms","Parks - Food Truck Permit Application",13
"Other Metro Services and Forms","Beer Board - Contact Info",11
"Other Metro Services and Forms","Report Fraud",10
"Other Metro Services and Forms","SW - Low Impact Development",9
"Other Metro Services and Forms","PWW",8
"Other Metro Services and Forms","Neighborhood Academy",6
"Other Metro Services and Forms","MHRC Procurement Standards Board Nomination Application",6
"Other Metro Services and Forms","DEC - Comments",6
"Other Metro Services and Forms","MAC HOPE Documents",6
"Other Metro Services and Forms","PW - Report a Litterbug",6
"Other Metro Services and Forms","MNPD - Report an Aggressive Driver",5
"Other Metro Services and Forms","Mayor Correspondence Request",5
"Other Metro Services and Forms","Unclaimed Property Claim Form",4
"Other Metro Services and Forms","OEM - Request GETS/WPS",4
"Other Metro Services and Forms","Parks - Sevier Park Summer Program Registration",4
"Other Metro Services and Forms","OEM - Cert - Class Request",4
"Other Metro Services and Forms","Fire - Register AED",3
"Other Metro Services and Forms","Mayor - Application for Incentives",3
"Other Metro Services and Forms","OEM - Feedback",2
"Other Metro Services and Forms","Door to Door Solicitation Violations",2
"Other Metro Services and Forms","COB - Commendation Request to the Police Community Oversight Board",2
"Other Metro Services and Forms","Parks - Tennis Court Reservation Request (Hadley)",2
"Other Metro Services and Forms","Police - SEU Officer Request",2
"Other Metro Services and Forms","OEM - Request A Speaker",2
"Other Metro Services and Forms","Water - Program or Tour Request",2
"Other Metro Services and Forms","Request to Council Member",2
"Other Metro Services and Forms","PWCOM",1
"Other Metro Services and Forms","Fall Community Listening Sessions",1
"Other Metro Services and Forms","Police - Metro Nashville Safe Place Application",1
"Other Metro Services and Forms","Parks - Riverfront Dockage Request",1
"Other Metro Services and Forms","Parks - Marina Moorage Inquiry",1
"Other Metro Services and Forms","Police - Commendation Request to the Police Department",1
"Other Metro Services and Forms","Police - Report Possible Terrorism or Homeland Security Issues",1
"Other Metro Services and Forms","NCAC - Opportunity Now Company Information",1
"Other Metro Services and Forms","Fire - Commendation Request",1
"Other Metro Services and Forms","Police - Office of Professional Accountability Complaint",1
"Other Metro Services and Forms","Police - Patient Committal Reporting",1
"Other Metro Services and Forms","General Services - ADA Project Submittal",1
"Other Metro Services and Forms","MNN - Media Request",1
"Other Metro Services and Forms","Parks - Hamilton Creek Marina Patron Information",1
"Other Metro Services and Forms","Water - Request a Speaker",1
"Other Metro Services and Forms","Election Commission - Poll Official Application",1
"Other Metro Services and Forms","Traffic Light Timing",1
"Other-Roadways","Blocked Drain",23
"Other-Roadways","Clean Ditches",22
"Other-Roadways","Repair Storm Drain",14
"Other-Roadways","Other-Roadways",9
"Other-Roadways","Flooding Issues",8
"Other-Roadways","Clogged Culvert",6
"Other-Roadways","Missing or Broken Storm Grate",6
"Other-Roadways","Power Lines Down/Low",2
"Other-Roadways","(none)",2
"Other-Roadways","Tree Maintenance on right of way",2
"Other-Roadways","Repair Broken Meter Box",2
"Other-Roadways","Traffic Calming",2
"Other-Roadways","Road Closures",1
"Other-Roadways","Contractor Complaint",1
"Other-Roadways","Homelessness",1
"Overgrowth on right of way","Overgrowth on right of way",171
"Overgrowth on right of way","Tree Maintenance on right of way",45
"Overgrowth on right of way","Clean Ditches",3
"Overgrowth on right of way","Clogged Culvert",2
"Overgrowth on right of way","Homelessness",2
"Overgrowth on right of way","Flooding Issues",1
"Overgrowth on right of way","Blocked Drain",1
"Overgrowth on right of way","(none)",1
"Park Event Permits","Event Permit Request",21
"Park Event Permits","Reserving Parks or Shelters",1
"Parking Meter Bag Request","(none)",2
"Parking Permits - OLD","Parking Permits",1
"Parks","Maintenance Request",3939
"Parks","Parks Police Concern",698
"Parks","Other",182
"Parks","MTA Bus Comments",68
"Parks","Park Event Permits",44
"Parks","Event Permit Request",41
"Parks","Other Request Type",19
"Parks","Reserving Parks or Shelters",18
"Parks","Parks List",7
"Parks","Litter",6
"Parks","Special Event Permitting",5
"Parks","Damaged Sign",3
"Parks","Request New Sign",2
"Parks","Junk and Debris",2
"Parks","(none)",2
"Parks","Recycling Collection Complaint",2
"Parks","Cars Parked on Lawn",2
"Parks","Nature Centers",2
"Parks","Potholes",1
"Parks","Quick Request",1
"Parks","MTA Bus Shooting",1
"Parks","Recycle - Curbside/Alley Missed Pickup",1
"Parks","Website comments",1
"Parks","Pothole in the Roadway - Changed to Roadwork Complaint",1
"Parks","Trash Service Damaged Property",1
"Parks","Park Maintenance Request",1
"Parks","Pothole in the Roadway",1
"Parks","General Trash/Recycling Question",1
"Parks","Changed Pothole to Roadwork Complaint",1
"Parks","Pothole in the Alley",1
"Parks","HoN Tornado Cleanup Request",1
"Parks","Graffiti on Other",1
"Parks","Contact the Mayor: Unsure",1
"Parks","Food for Elderly",1
"Parks","Roadwork Complaint",1
"Parks","Remove debris from a Roadway",1
"Parks","Film Permits",1
"Parks","Graffiti on a Street Sign",1
"Parks and Environment","Maintenance Request",2634
"Parks and Environment","Parks Police Concern",234
"Parks and Environment","Tree Maintenance on right of way",4
"Parks and Environment","Sidewalks",3
"Parks and Environment","Damaged Sign",2
"Parks and Environment","Paving Request",1
"Parks and Environment","Remove debris in roadway",1
"Parks and Environment","Obstruction of right of way",1
"Parks and Environment","Dead Animal Pickup",1
"Parks Police Concern","Parks Police Concern",2
"Parks Police Concern","Police Precincts",1
"Parks Police Concern","Homelessness",1
"Parks Police Concern","Event Permit Request",1
"Paving Request","Paving Request",79
"Paving Request","Dip/Bump in Roadway",40
"Paving Request","Contractor Complaint",10
"Paving Request","Potholes",4
"Paving Request","Traffic Calming",2
"Paving Request","Traffic Engineering and Crosswalks",1
"Paving Request","Clogged Culvert",1
"Paving Request","Flooding Issues",1
"Paving Request","Blocked Drain",1
"Permits","Building Permits",3571
"Permits","Parking Permits",1139
"Permits","Short Term Rental Permit",305
"Permits","Alarm Permit Questions",106
"Permits","Report Violation of Historic Zoning Permits",73
"Permits","Apply for a Preservation Permit",7
"Permits","Special Event Permitting",5
"Permits","Permits for Driveway",3
"Permits","(none)",1
"Planning & Zoning","Zoning Request",377
"Planning & Zoning","Planning Request",199
"Planning & Zoning","Zoning Appeal",52
"Planning & Zoning","Planning Appeal",26
"Planning & Zoning","Tenant Complaint",1
"Planning & Zoning","Other Request Type",1
"Planning and Zoning","Zoning Request",48
"Planning and Zoning","Planning Request",37
"Planning and Zoning","Zoning Appeal",8
"Planning and Zoning","Planning Appeal",7
"Police Chief Search","Police Chief Search",1080
"Police Chief Search","(none)",2
"Pothole","Potholes",7114
"Pothole","Contractor Complaint",28
"Pothole","Repair Broken Meter Box",4
"Pothole","Repair Storm Drain",4
"Pothole","(none)",4
"Pothole","State Routes",3
"Pothole","Missing or Broken Storm Grate",3
"Pothole","Traffic Calming",3
"Pothole","Blocked Drain",2
"Pothole","Power Lines Down/Low",1
"Pothole","Flooding Issues",1
"Pothole","Street Lighting",1
"Power Lines Down or Low","Power Lines Down/Low",1852
"Power Lines Down or Low","(none)",1
"Power Outage","Power Outage",7
"Property Violations","Junk and Debris",28650
"Property Violations","Noise Violations",22867
"Property Violations","Tall Grass and Weeds",22113
"Property Violations","Residential Complaint",20308
"Property Violations","Noise Violations - Construction Noise",8498
"Property Violations","Dilapidated Structures",6673
"Property Violations","Cars Parked on Lawn",4758
"Property Violations","Tenant Complaint",3360
"Property Violations","Tree Concerns",2804
"Property Violations","Home Occupation Reporting",2629
"Property Violations","Graffiti on Private Property",2074
"Property Violations","Short Term Rental Complaint",2020
"Property Violations","Fence Complaints",1990
"Property Violations","Door to Door Solicitation Violations",735
"Property Violations","Illegal Signs on Private Property",598
"Property Violations","Blocking the Right of Way",15
"Property Violations","Rooming and Boarding",13
"Property Violations","Farm Animals",10
"Property Violations","Building Permits",9
"Property Violations","Graffiti",2
"Property Violations","Litter",2
"Property Violations","Mayor's Office Case",2
"Property Violations","Zoning Request",2
"Property Violations","Other",1
"Property Violations","Illegal Dumping",1
"Property Violations","(none)",1
"Property Violations","Obstruction of right of way",1
"Property Violations","Overgrowth on right of way",1
"Public Records Request","Public Record Request",37
"Public Safety","Control Number Request for Towing",138969
"Public Safety","Request Non-Emergency Police Assistance",50015
"Public Safety","Repossessed Vehicle",22519
"Public Safety","Improperly Parked Vehicles",20626
"Public Safety","Abandoned Vehicles",17632
"Public Safety","Lost/Stolen Property",8886
"Public Safety","Narcotics/Prostitution/Loitering",4796
"Public Safety","Noise Violations",4135
"Public Safety","Animal Welfare Concern",3465
"Public Safety","Check the Well-Being of a Person",2283
"Public Safety","Extra Patrol Requests",2251
"Public Safety","Stray Animals",1553
"Public Safety","Report a Crime",1124
"Public Safety","Driving Issues - Metro Vehicles",787
"Public Safety","Blasting Reports",693
"Public Safety","Fire Life Safety Complaints",373
"Public Safety","Damaged Property",249
"Public Safety","Found Property",222
"Public Safety","Beer Permit Complaint",194
"Public Safety","Motor Vehicle Accidents",156
"Public Safety","EMS Concern",128
"Public Safety","Request Officer for Event Appearance",110
"Public Safety","Entertainment Transportation Violations",110
"Public Safety","MEANS (Metro Emergency Alert Notification System)",92
"Public Safety","Police Precincts",70
"Public Safety","MEANS Metro Emergency Alert Notification System",68
"Public Safety","Fire - Life Safety Complaints",54
"Public Safety","Domestic Animal Welfare Concern",35
"Public Safety","Smoking Indoors",33
"Public Safety","Neighborhood Watch",31
"Public Safety","Request New Sign",26
"Public Safety","Police - Report an Aggressive Driver",18
"Public Safety","Fire Halls",15
"Public Safety","(none)",12
"Public Safety","Crime Map",10
"Public Safety","Obstruction of right of way",7
"Public Safety","Pet Licensing",6
"Public Safety","Erosion Reports",5
"Public Safety","Remove Other",5
"Public Safety","Police - Report Criminal Activity",4
"Public Safety","Other Request Type",4
"Public Safety","Damaged Sign",3
"Public Safety","Resolved by hubNashville on First Call",1
"Public Safety","Illegal Parking or Blocking",1
"Public Safety","Pet Adoption",1
"Public Safety","Request Fire Truck for Event Appearance",1
"Public Safety","Report an Aggressive Driver",1
"Public Safety","Dead Animal Pickup",1
"Public Safety","Sidewalk Vendor Complaint",1
"Public Works WO","New Service/Activate Service",6489
"Public Works WO","Street Lighting",5783
"Public Works WO","Illegal Dumping",5362
"Public Works WO","Traffic Engineering and Crosswalks",5263
"Public Works WO","Potholes",5166
"Public Works WO","Blocking the Right of Way",5125
"Public Works WO","Cars Parked on Lawn",2579
"Public Works WO","Traffic Light Issue",1630
"Public Works WO","Flooding Issues",958
"Public Works WO","Other-Trash / Recycle",944
"Public Works WO","Traffic Calming",894
"Public Works WO","Tree Trimming",530
"Public Works WO","Cart Service",429
"Public Works WO","Repair Broken Meter Box",417
"Public Works WO","Repair Storm Drain",382
"Public Works WO","Damaged Sign",290
"Public Works WO","Damage to Property",275
"Public Works WO","Fire Life Safety Complaints",229
"Public Works WO","Illegal Signs on Private Property",214
"Public Works WO","Damaged Property",204
"Public Works WO","Roadwork Complaint",165
"Public Works WO","Other",147
"Public Works WO","Erosion Reports",133
"Public Works WO","Missed Pickup - Recycle Cart Service",120
"Public Works WO","Oops Tags",114
"Public Works WO","Short Term Rental Permit",106
"Public Works WO","Missed Pickup - Trash Cart Service",106
"Public Works WO","Dead Animal Pickup",101
"Public Works WO","File a Trash or Recycling Complaint",85
"Public Works WO","Repair Speed Hump/Cushion",72
"Public Works WO","Request New Sign",49
"Public Works WO","Extra Cart Pickup Request",48
"Public Works WO","Litter",43
"Public Works WO","Overgrowth on right of way",39
"Public Works WO","Sidewalks",25
"Public Works WO","Backdoor Trash or Recycle Waivers",20
"Public Works WO","Request a Speed Monitor Trailer",19
"Public Works WO","Remove debris in roadway",19
"Public Works WO","Snow and Ice Removal",18
"Public Works WO","Remove Other",17
"Public Works WO","Obstruction of right of way",17
"Public Works WO","Improperly Parked Vehicles",17
"Public Works WO","Paving Request",15
"Public Works WO","Brush Collection",11
"Public Works WO","State Routes",11
"Public Works WO","Curbing and Berms",10
"Public Works WO","Mowing on right of way",8
"Public Works WO","MEANS (Metro Emergency Alert Notification System)",7
"Public Works WO","Request New Signal",7
"Public Works WO","Traffic Light Timing",7
"Public Works WO","Abandoned Vehicles",7
"Public Works WO","Unwanted Recycling or Trash",6
"Public Works WO","Waste Services Escalation",6
"Public Works WO","Shoulders",5
"Public Works WO","Dip/Bump in Roadway",5
"Public Works WO","Driveway Transition/Drop Off",5
"Public Works WO","Graffiti",5
"Public Works WO","Cart Violation",4
"Public Works WO","Junk and Debris",4
"Public Works WO","Guard Rails",4
"Public Works WO","Tree Maintenance on right of way",4
"Public Works WO","Tall Grass and Weeds",3
"Public Works WO","Residential Complaint",3
"Public Works WO","Debris Removal",3
"Public Works WO","Building Permits",2
"Public Works WO","Other-Roadways",2
"Public Works WO","Power Outage",2
"Public Works WO","Zoning Request",1
"Public Works WO","Parking Permits",1
"Public Works WO","Illegal Parking or Blocking",1
"Public Works WO","Noise Violations",1
"Public Works WO","Dilapidated Structures",1
"Public Works WO","Planning Request",1
"Public Works WO","Request Non-Emergency Police Assistance",1
"Public Works WO","Missed Pickup - Dumpster Service",1
"Public Works WO","MEANS Metro Emergency Alert Notification System",1
"Public Works WO","Sinkhole",1
"Public Works WO","Request Repair to Private Property",1
"Public_Works_WO","Cart Service",1523
"Public_Works_WO","File a Trash or Recycling Complaint",244
"Public_Works_WO","Litter",126
"Public_Works_WO","Missed Pickup - Recycle Cart Service",111
"Public_Works_WO","Other",83
"Public_Works_WO","Obstruction of right of way",77
"Public_Works_WO","Remove Other",67
"Public_Works_WO","Request New Sign",56
"Public_Works_WO","Blocking the Right of Way",44
"Public_Works_WO","Paving Request",44
"Public_Works_WO","Junk and Debris",40
"Public_Works_WO","Potholes",37
"Public_Works_WO","Roadwork Complaint",37
"Public_Works_WO","Improperly Parked Vehicles",35
"Public_Works_WO","Waste Services Escalation",35
"Public_Works_WO","Residential Complaint",31
"Public_Works_WO","Sidewalks",29
"Public_Works_WO","Other-Roadways",23
"Public_Works_WO","Damaged Sign",21
"Public_Works_WO","Tree Maintenance on right of way",20
"Public_Works_WO","Illegal Dumping",18
"Public_Works_WO","Tree Concerns",16
"Public_Works_WO","Traffic Light Issue",15
"Public_Works_WO","Remove debris in roadway",14
"Public_Works_WO","Curbing and Berms",13
"Public_Works_WO","Missed Pickup - Trash Cart Service",11
"Public_Works_WO","Overgrowth on right of way",8
"Public_Works_WO","Abandoned Vehicles",7
"Public_Works_WO","Cars Parked on Lawn",7
"Public_Works_WO","Flooding Issues",7
"Public_Works_WO","New Service/Activate Service",7
"Public_Works_WO","Request New Signal",7
"Public_Works_WO","Guard Rails",6
"Public_Works_WO","Brush Collection",6
"Public_Works_WO","Request Repair to Private Property",6
"Public_Works_WO","Missed Pickup - Dumpster Service",5
"Public_Works_WO","Shoulders",5
"Public_Works_WO","Dip/Bump in Roadway",4
"Public_Works_WO","Tree Trimming",4
"Public_Works_WO","Street Lighting",4
"Public_Works_WO","Cart Violation",4
"Public_Works_WO","Missing Trash Cart",4
"Public_Works_WO","Traffic Calming",3
"Public_Works_WO","Driveway Transition/Drop Off",3
"Public_Works_WO","Stormwater Pollution",3
"Public_Works_WO","Sidewalk Vendor Complaint",2
"Public_Works_WO","Traffic Engineering and Crosswalks",2
"Public_Works_WO","Debris Removal",2
"Public_Works_WO","Repair Bike Lane Bollards",2
"Public_Works_WO","Unwanted Recycling or Trash",2
"Public_Works_WO","Street Sweeping",2
"Public_Works_WO","Dilapidated Structures",2
"Public_Works_WO","Traffic Light Timing",2
"Public_Works_WO","Maintenance Request",1
"Public_Works_WO","Graffiti",1
"Public_Works_WO","Dead Animal Pickup",1
"Public_Works_WO","Damaged Property",1
"Public_Works_WO","Repair Broken Meter Box",1
"Public_Works_WO","Fire Life Safety Complaints",1
"Public_Works_WO","Erosion Complaints",1
"Public_Works_WO","Tall Grass and Weeds",1
"Public_Works_WO","Water Outage",1
"Public_Works_WO","Bridge Damage",1
"Public_Works_WO","Planning Request",1
"Public_Works_WO","Hauler report of non serviceable address",1
"Public_Works_WO","Building Permits",1
"Public_Works_WO","Fence Complaints",1
"Public_Works_WO","Zoning Appeal",1
"Public_Works_WO","Sinkhole",1
"Quick Request","(none)",2
"Quick Request","Potholes",1
"Remove debris in roadway","Tree Maintenance on right of way",237
"Remove debris in roadway","Remove debris in roadway",155
"Remove debris in roadway","Illegal Dumping",44
"Remove debris in roadway","Power Lines Down/Low",22
"Remove debris in roadway","Contractor Complaint",13
"Remove debris in roadway","Clean Ditches",4
"Remove debris in roadway","Homelessness",3
"Remove debris in roadway","(none)",3
"Remove debris in roadway","Clogged Culvert",2
"Remove debris in roadway","Potholes",2
"Remove debris in roadway","State Routes",1
"Remove debris in roadway","Dead Animal Pickup",1
"Remove debris in roadway","Blocked Drain",1
"Remove debris in roadway","Flooding Issues",1
"Remove debris in roadway","Repair Broken Meter Box",1
"Remove debris in roadway","Construction Site Runoff",1
"Remove Other","Tree Maintenance on right of way",43
"Remove Other","Remove Other",38
"Remove Other","Power Lines Down/Low",18
"Remove Other","Homelessness",15
"Remove Other","Illegal Dumping",14
"Remove Other","Contractor Complaint",6
"Remove Other","Traffic Calming",6
"Remove Other","(none)",4
"Remove Other","Illegal Signs on Private Property",4
"Remove Other","Potholes",2
"Remove Other","Report a Crime",2
"Remove Other","Blocked Drain",2
"Remove Other","Repair Storm Drain",1
"Remove Other","State Routes",1
"Remove Other","Cars Parked on Lawn",1
"Remove Other","Street Lighting",1
"Remove Other","WeGo Public Transit Bus Information",1
"Remove Other","Pet or Item in Drain",1
"Remove Other","Tree Trimming",1
"Remove Other","Litter Basket",1
"Remove Other","Request for a New/Improved Bikeway",1
"Remove Other","Vehicle and Parking Violations",1
"Remove Storm Debris","Remove Storm Debris",53
"Remove Storm Debris","Tree Maintenance on right of way",19
"Remove Storm Debris","(none)",2
"Remove Storm Debris","Clogged Culvert",1
"Remove Storm Debris","Power Lines Down/Low",1
"Remove Storm Debris","Tree Trimming",1
"Remove Storm Debris","Blocked Drain",1
"Reopening Safely","Entertainment Transportation Violations",24
"Reopening Safely","Entertainment District Safety Concerns",2
"Repair Bike Lane Bollards","Request for a New/Improved Bikeway",2
"Repair Bike Lane Bollards","Traffic Engineering and Crosswalks",1
"Repair Bike Lane Bollards","Repair Storm Drain",1
"Repair Manhole","Repair Broken Meter Box",2
"Repair Storm Drain","Repair Storm Drain",225
"Repair Storm Drain","Potholes",1
"Report a sign in an undesired location","Signs",1
"Report Broken Meter Box","Repair Broken Meter Box",267
"Report Concerns about Trees","Tree Maintenance on right of way",8
"Report Concerns about Trees","Tree Concerns",4
"Report Concerns about Trees","Tree Trimming",2
"Report Concerns about Trees","Clean Ditches",1
"Report Concerns about Trees","Illegal Dumping",1
"Report Concerns about Trees","Power Lines Down/Low",1
"Report Concerns about Trees","Blocked Drain",1
"Report Fraud","Affordable Housing",1
"Report Violation of Historic Zoning Permits","Contractor Complaint",1
"Repossessed Vehicle","(none)",2
"Request a Meeting with the Mayor","Schedule a Meeting with the Mayor",210
"Request a Speed Monitor Trailer","Request a Speed Monitor Trailer",30
"Request a Speed Monitor Trailer","Police - Report an Aggressive Driver",1
"Request Assistance with Historic Downtown Recovery","2nd Avenue Explosion Information and Assistance",10
"Request New Sign","Request New Sign",94
"Request New Sign","Vehicle and Parking Violations",9
"Request New Sign","Illegal Dumping",8
"Request New Sign","Traffic Calming",8
"Request New Sign","Request for a New/Improved Bikeway",4
"Request New Sign","Contractor Complaint",3
"Request New Sign","(none)",1
"Request New Sign","Traffic Engineering and Crosswalks",1
"Request New Sign","Street Lighting",1
"Request New Sign","Request Warning Sign",1
"Request New Sign","Homelessness",1
"Request New Sign","Signal Synchronization",1
"Request New Sign","Repair Bike Lane Bollards",1
"Request New Signal","Request New Signal",22
"Request New Signal","(none)",1
"Request New Signal","Traffic Engineering and Crosswalks",1
"Request New Signal","Request for a New/Improved Bikeway",1
"Request New Signal","Traffic Calming",1
"Request Non-Emergency Police Assistance","Homelessness",3
"Request Non-Emergency Police Assistance","(none)",2
"Request Non-Emergency Police Assistance","Police - Report an Aggressive Driver",2
"Request Non-Emergency Police Assistance","Damaged Property",1
"Request Non-Emergency Police Assistance","Illegal Dumping",1
"Request Non-Emergency Police Assistance","Contractor Complaint",1
"Request Non-Emergency Police Assistance","Public Record Request",1
"Request Repair of a Speed Hump/Cushion","Repair Speed Hump/Cushion",2
"Request Repair of a Speed Hump/Cushion","Traffic Calming",1
"Request Repair to Private Property","Damage to Property",8
"Request Repair to Private Property","Clean Ditches",7
"Request Repair to Private Property","Contractor Complaint",7
"Request Repair to Private Property","Request Repair to Private Property",7
"Request Repair to Private Property","Power Lines Down/Low",3
"Request Repair to Private Property","Street Lighting",3
"Request Repair to Private Property","Tree Maintenance on right of way",2
"Request Repair to Private Property","Repair Storm Drain",2
"Request Repair to Private Property","Blocked Drain",2
"Request Repair to Private Property","Repair Broken Meter Box",2
"Request Repair to Private Property","Cars Parked on Lawn",1
"Request Repair to Private Property","Report a Crime",1
"Request Repair to Private Property","Other",1
"Request Repair to Private Property","Potholes",1
"Request Repair to Private Property","Missing or Broken Storm Grate",1
"Residential Complaint","Cars Parked on Lawn",16
"Residential Complaint","Illegal Dumping",9
"Residential Complaint","Contractor Complaint",9
"Residential Complaint","Residential Complaint",7
"Residential Complaint","Homelessness",6
"Residential Complaint","(none)",4
"Residential Complaint","Tree Maintenance on right of way",4
"Residential Complaint","Blocked Drain",2
"Residential Complaint","Report a Crime",2
"Residential Complaint","Street Lighting",2
"Residential Complaint","Residential Dumpster Services",1
"Residential Complaint","Tree Trimming",1
"Residential Complaint","Zoning Complaints",1
"Residential Complaint","Flooding Issues",1
"Resolved by hubNashville on First Call","Resolved by hubNashville on First Call",604923
"Resolved by hubNashville on First Call","(none)",2
"Right of Way Ash Tree Treatment Notification","Right of Way Ash Tree Treatment Notification",5
"Right of Way Ash Tree Treatment Notification","Tree Maintenance on right of way",1
"Roadwork Complaint","Contractor Complaint",126
"Roadwork Complaint","Potholes",8
"Roadwork Complaint","Clean Ditches",7
"Roadwork Complaint","Request for a New/Improved Bikeway",5
"Roadwork Complaint","Repair Storm Drain",4
"Roadwork Complaint","Power Lines Down/Low",3
"Roadwork Complaint","Tree Trimming",2
"Roadwork Complaint","Flooding Issues",2
"Roadwork Complaint","Roadwork Complaint",2
"Roadwork Complaint","Traffic Engineering and Crosswalks",2
"Roadwork Complaint","Miscellaneous",2
"Roadwork Complaint","(none)",1
"Roadwork Complaint","Remove Other",1
"Schedule an Event with the Mayor - General Form","Schedule an Event with the Mayor",670
"Schedule an Event with the Mayor - General Form","(none)",1
"Service Request","Traffic Engineering and Crosswalks",8
"Service Request","Sidewalks",2
"Service Request","Brush Collection",2
"Service Request","Illegal Dumping",2
"Service Request","Flooding Issues",2
"Service Request","Missed Pickup - Recycle Cart Service",1
"Service Request","Dead Animal Pickup",1
"Service Request","Overgrowth on right of way",1
"Service Request","Mowing on right of way",1
"Sewer Service Line Assistance Request","Blocked Drain",1
"Shared Scooter and Bike Issues","Report a Crime",1
"Short Term Rental Complaint","Illegal Dumping",3
"Short Term Rental Complaint","Short Term Rental Complaint",1
"Short Term Rental Complaint","Cars Parked on Lawn",1
"Short Term Rental Complaint","Other-Trash / Recycle",1
"Short Term Rental Complaint","(none)",1
"Short Term Rental Permits","Short Term Rental Permit",81
"Shoulders","Shoulders",41
"Shoulders","Blocked Drain",1
"Shoulders","Clogged Culvert",1
"Shoulders","Traffic Calming",1
"Shoulders","Contractor Complaint",1
"Sidewalks","Contractor Complaint",44
"Sidewalks","Sidewalks",34
"Sidewalks","Tree Maintenance on right of way",11
"Sidewalks","Repair Broken Meter Box",7
"Sidewalks","Power Lines Down/Low",2
"Sidewalks","Repair Storm Drain",2
"Sidewalks","Flooding Issues",2
"Sidewalks","Missing or Broken Storm Grate",2
"Sidewalks","(none)",1
"Sidewalks","Other-Trash / Recycle",1
"Sidewalks","Clean Ditches",1
"Sidewalks","Blocked Drain",1
"Sidewalks","Request for a New/Improved Bikeway",1
"Sidewalks","Miscellaneous",1
"Sidewalks","Vehicle and Parking Violations",1
"Sinkhole","Potholes",3
"Sinkhole","(none)",1
"Sinkhole","Clogged Culvert",1
"Snow and Ice Removal","Snow and Ice Removal",178
"Snow and Ice Removal","(none)",4
"Snow and Ice Removal","Request New Sign",1
"Social Services & Housing","Homelessness",1
"State Routes","State Routes",98
"State Routes","Interstate Roads",1
"State Routes","Cars Parked on Lawn",1
"State Routes","Blocked Drain",1
"State Routes","Report a Crime",1
"Storm Relief","Remove Storm Debris",115
"Storm Relief","Tree Maintenance on right of way",72
"Storm Relief","Power Lines Down/Low",2
"Storm Relief","Damaged Sign",2
"Storm Relief","Report Storm Damage",1
"Storm Relief","Request Hands On Nashville Assistance with Tornado Cleanup",1
"Stormwater Pollution","Blocked Drain",1
"Stormwater Pollution","(none)",1
"Stormwater Pollution","Clean Ditches",1
"Stray Animals","Stray Animals",1
"Street Lighting","Street Lighting",6374
"Street Lighting","Power Lines Down/Low",7
"Street Lighting","(none)",2
"Street Sweeping","Contractor Complaint",2
"Street Sweeping","Street Sweeping",2
"Street Sweeping","Street Lighting",1
"Streets, Roads & Sidewalks","Damaged Sign",23049
"Streets, Roads & Sidewalks","Traffic Light Issue",21921
"Streets, Roads & Sidewalks","Dead Animal Pickup",18542
"Streets, Roads & Sidewalks","Blocking the Right of Way",18068
"Streets, Roads & Sidewalks","Snow and Ice Removal",16815
"Streets, Roads & Sidewalks","Overgrowth on right of way",13778
"Streets, Roads & Sidewalks","Potholes",12301
"Streets, Roads & Sidewalks","Tree Maintenance on right of way",10299
"Streets, Roads & Sidewalks","Sidewalks",9988
"Streets, Roads & Sidewalks","Request New Sign",9356
"Streets, Roads & Sidewalks","Shared Scooter and Bike Issues",9310
"Streets, Roads & Sidewalks","Roadwork Complaint",9226
"Streets, Roads & Sidewalks","Remove debris in roadway",9078
"Streets, Roads & Sidewalks","Street Lighting",8798
"Streets, Roads & Sidewalks","Illegal Dumping",7705
"Streets, Roads & Sidewalks","Paving Request",7007
"Streets, Roads & Sidewalks","Obstruction of right of way",6845
"Streets, Roads & Sidewalks","Traffic Light Timing",4692
"Streets, Roads & Sidewalks","Remove Other",3607
"Streets, Roads & Sidewalks","Graffiti",3544
"Streets, Roads & Sidewalks","Curbing and Berms",2785
"Streets, Roads & Sidewalks","Guard Rails",2192
"Streets, Roads & Sidewalks","PWRD",2095
"Streets, Roads & Sidewalks","Remove Storm Debris",2039
"Streets, Roads & Sidewalks","Shoulders",1932
"Streets, Roads & Sidewalks","Request New Signal",1930
"Streets, Roads & Sidewalks","Request a Speed Monitor Trailer",1927
"Streets, Roads & Sidewalks","SIGNAL",1909
"Streets, Roads & Sidewalks","Dip/Bump in Roadway",1562
"Streets, Roads & Sidewalks","Mowing on right of way",1549
"Streets, Roads & Sidewalks","Illegal Parking or Blocking",1529
"Streets, Roads & Sidewalks","Driveway Transition/Drop Off",1158
"Streets, Roads & Sidewalks","Request Repair to Private Property",1037
"Streets, Roads & Sidewalks","Repair Bike Lane Bollards",965
"Streets, Roads & Sidewalks","Contractor Complaint",690
"Streets, Roads & Sidewalks","Sidewalk Vendor Complaint",690
"Streets, Roads & Sidewalks","Street Sweeping",455
"Streets, Roads & Sidewalks","SIGN",355
"Streets, Roads & Sidewalks","Other-Roadways",301
"Streets, Roads & Sidewalks","Bridge Damage",277
"Streets, Roads & Sidewalks","Banners & Special Events",233
"Streets, Roads & Sidewalks","Road Closures",194
"Streets, Roads & Sidewalks","Improperly Parked Vehicles",75
"Streets, Roads & Sidewalks","PWW",68
"Streets, Roads & Sidewalks","PWCOM",60
"Streets, Roads & Sidewalks","PW",57
"Streets, Roads & Sidewalks","Sign Signal Repairs",52
"Streets, Roads & Sidewalks","Graffiti on Private Property",39
"Streets, Roads & Sidewalks","Parking Permits",36
"Streets, Roads & Sidewalks","Road Closure Permits",11
"Streets, Roads & Sidewalks","Brush Collection",10
"Streets, Roads & Sidewalks","Litter",9
"Streets, Roads & Sidewalks","Parking Meter Bag Request",6
"Streets, Roads & Sidewalks","Other",4
"Streets, Roads & Sidewalks","Abandoned Vehicles",4
"Streets, Roads & Sidewalks","(none)",3
"Streets, Roads & Sidewalks","Tree Concerns",3
"Streets, Roads & Sidewalks","Traffic Engineering",3
"Streets, Roads & Sidewalks","Trash Service Damaged Property",1
"Streets, Roads & Sidewalks","Other Request Type",1
"Streets, Roads & Sidewalks","Remove debris from a Roadway",1
"Streets, Roads & Sidewalks","Junk and Debris",1
"Streets, Roads & Sidewalks","Changed Pothole to Roadwork Complaint",1
"Streets, Roads & Sidewalks","Remove Debris",1
"Streets, Roads & Sidewalks","Request Warning Sign",1
"Streets, Roads & Sidewalks","Request Non-Emergency Police Assistance",1
"Streets, Roads & Sidewalks","Cart Service",1
"Submit Participatory Budget Project Ideas","(none)",6
"Tall Grass and Weeds","Tall Grass and Weeds",17
"Tall Grass and Weeds","Tree Maintenance on right of way",4
"Tall Grass and Weeds","(none)",2
"Tall Grass and Weeds","Cars Parked on Lawn",1
"Tall Grass and Weeds","Illegal Dumping",1
"Tall Grass and Weeds","Clean Ditches",1
"Tall Grass and Weeds","Blocked Drain",1
"Taxi Cab/Wrecker/Uber Black/Booting Consumer Complaints","Taxi Cab/Wrecker/Uber Black/Booting Consumer Complaints",43
"Tenant Complaint","Tree Maintenance on right of way",1
"Tenant Complaint","Report a Crime",1
"Tenant Complaint","Cars Parked on Lawn",1
"Tenant Complaint","Illegal Dumping",1
"Traffic Calming","Traffic Calming",542
"Traffic Calming","Illegal Dumping",1
"Traffic Calming","Request for a New/Improved Bikeway",1
"Traffic Calming","Signal Synchronization",1
"Traffic Calming","Miscellaneous",1
"Traffic Engineering","Traffic Calming",14
"Traffic Engineering","Signal Synchronization",4
"Traffic Engineering","Request a New/Improved Bikeway",2
"Traffic Engineering","State Routes",1
"Traffic Engineering","Public Record Request",1
"Traffic Engineering","Contractor Complaint",1
"Traffic Engineering","Request for a New/Improved Bikeway",1
"Traffic Engineering","Power Lines Down/Low",1
"Traffic Engineering and Crosswalks","Traffic Engineering and Crosswalks",90
"Traffic Engineering and Crosswalks","Request for a New/Improved Bikeway",7
"Traffic Engineering and Crosswalks","Vehicle and Parking Violations",3
"Traffic Engineering and Crosswalks","Request a New/Improved Bikeway",1
"Traffic Engineering and Crosswalks","Contractor Complaint",1
"Traffic Engineering and Crosswalks","Signal Synchronization",1
"Traffic Light Issue","Traffic Light Issue",465
"Traffic Light Issue","Street Lighting",35
"Traffic Light Issue","Damaged Sign",32
"Traffic Light Issue","Tree Maintenance on right of way",4
"Traffic Light Issue","Power Lines Down/Low",4
"Traffic Light Issue","Signal Synchronization",4
"Traffic Light Issue","(none)",2
"Traffic Light Issue","Traffic Light Timing",1
"Traffic Light Issue","Report a Crime",1
"Traffic Light Issue","Traffic Engineering and Crosswalks",1
"Traffic Light Issue","Traffic Calming",1
"Traffic Light Issue","Contractor Complaint",1
"Traffic Light Timing","Traffic Light Timing",279
"Traffic Light Timing","Street Lighting",2
"Traffic Light Timing","Signal Synchronization",1
"Transit","State Routes",20749
"Transit","WeGo Public Transit Comments",539
"Transit","Request a Speed Monitor Trailer",164
"Transit","Transportation Plan Survey",151
"Transit","MTA Bus Comments",115
"Transit","Traffic Calming",91
"Transit","WeGo Access Comments",78
"Transit","WeGo Public Transit Planning",41
"Transit","MTA Planning",13
"Transit","Airport Authority",6
"Transit","Signal Synchronization",5
"Transit","Other Request Type",4
"Transit","Potholes",2
"Transit","Interstate Roads",2
"Transit","Sidewalks and Bikeways Master Plan",2
"Transit","Bike Share",2
"Transit","(none)",2
"Transit","Litter",2
"Transit","Downtown Circulator",1
"Transit","Overgrowth on right of way",1
"Transit","Access Ride",1
"Transit","Road Closures",1
"Transit","Contact the Mayor: Mayor?s Office of Neighborhoods and Community Engagement",1
"Transit","Music City Star",1
"Transit","Graffiti on Other",1
"Transit","WeGo Public Transit Bus Information",1
"Transit","Mowing on right of way",1
"Trash, Recycling & Litter","Cart Service",145572
"Trash, Recycling & Litter","Missed Pickup - Trash Cart Service",125671
"Trash, Recycling & Litter","Missed Pickup - Recycle Cart Service",73488
"Trash, Recycling & Litter","File a Trash or Recycling Complaint",38761
"Trash, Recycling & Litter","New Service/Activate Service",19078
"Trash, Recycling & Litter","Brush Collection",13207
"Trash, Recycling & Litter","Litter",11337
"Trash, Recycling & Litter","Unwanted Recycling or Trash",10854
"Trash, Recycling & Litter","Extra Cart Pickup Request",9780
"Trash, Recycling & Litter","Illegal Dumping",8431
"Trash, Recycling & Litter","Missing Trash Cart",7638
"Trash, Recycling & Litter","Backdoor Trash or Recycle Waivers",5098
"Trash, Recycling & Litter","Missed Pickup - Dumpster Service",4600
"Trash, Recycling & Litter","Cart Violation",3910
"Trash, Recycling & Litter","Other-Trash / Recycle",2170
"Trash, Recycling & Litter","Hauler report of non serviceable address",1958
"Trash, Recycling & Litter","Oops Tags",1568
"Trash, Recycling & Litter","Waste Services Escalation",1318
"Trash, Recycling & Litter","Damage to Property",783
"Trash, Recycling & Litter","Residential Dumpster Services",588
"Trash, Recycling & Litter","Trash in Recycling Cart",317
"Trash, Recycling & Litter","Convenience Centers",225
"Trash, Recycling & Litter","Recycle Cart Stolen / Moved to Home with No Recycle Cart",166
"Trash, Recycling & Litter","Drop-off Centers",148
"Trash, Recycling & Litter","Recycling Education",91
"Trash, Recycling & Litter","Obstruction of right of way",17
"Trash, Recycling & Litter","(none)",13
"Trash, Recycling & Litter","Remove debris in roadway",12
"Trash, Recycling & Litter","Neighborhood Cleanups",8
"Trash, Recycling & Litter","Recycling Drop Off Sites",8
"Trash, Recycling & Litter","Metro In-house Miss",6
"Trash, Recycling & Litter","Trash Cart Lost in Storm",5
"Trash, Recycling & Litter","Other-Trash Recycle",2
"Trash, Recycling & Litter","Dead Animal Pickup",2
"Trash, Recycling & Litter","Abandoned Vehicles",2
"Trash, Recycling & Litter","Overgrowth on right of way",2
"Trash, Recycling & Litter","Remove Other",2
"Trash, Recycling & Litter","PW",1
"Trash, Recycling & Litter","PWRD",1
"Trash, Recycling & Litter","Recycle - Curbside/Alley Missed Pickup",1
"Trash, Recycling & Litter","Trash - Curbside/Alley Missed Pickup",1
"Trash, Recycling & Litter","Recycling Collection Complaint",1
"Trash, Recycling & Litter","General Trash/Recycling Question",1
"Trash, Recycling & Litter","Pharmaceutical Disposal",1
"Trash, Recycling & Litter","Street Sweeping",1
"Trash, Recycling & Litter","Request Repair to Private Property",1
"Tree Concerns","Tree Maintenance on right of way",136
"Tree Concerns","Tree Trimming",7
"Tree Concerns","Clean Ditches",1
"Tree Concerns","Blocked Drain",1
"Tree Concerns","Tree Concerns",1
"Tree Maintenance on right of way","Tree Maintenance on right of way",2648
"Tree Maintenance on right of way","Tree Trimming",3
"Tree Maintenance on right of way","Power Lines Down/Low",2
"Tree Panel Review Notification","Tree Panel Review Notification",24
"Tree Planting Sites","Tree Planting Site",182
"Tree Removal or Maintenance on right of way","Tree Maintenance on right of way",2293
"Tree Removal or Maintenance on right of way","Tree Trimming",14
"Tree Removal or Maintenance on right of way","Power Lines Down/Low",11
"Tree Removal or Maintenance on right of way","Blocked Drain",9
"Tree Removal or Maintenance on right of way","Clean Ditches",8
"Tree Removal or Maintenance on right of way","Remove Storm Debris",5
"Tree Removal or Maintenance on right of way","Homelessness",2
"Tree Removal or Maintenance on right of way","Tree Planting Site",2
"Tree Removal or Maintenance on right of way","Tree Concerns",2
"Tree Removal or Maintenance on right of way","Illegal Dumping",1
"Tree Removal or Maintenance on right of way","Right of Way Ash Tree Treatment Notification",1
"Tree Removal or Maintenance on right of way","Flooding Issues",1
"Tree Trimming On or Near Power Lines","Tree Trimming",505
"Tree Trimming On or Near Power Lines","Tree Maintenance on right of way",3
"Tree Trimming On or Near Power Lines","Clean Ditches",1
"Trees","PWW",279
"Trees","Tree Planting Site",78
"Trees","PW",61
"Trees","Tree Panel Review Notification",49
"Trees","PWRD",26
"Trees","Tree Maintenance on right of way",18
"Trees","Right of Way Ash Tree Treatment Notification",11
"Trees","Tree Concerns",4
"Trees","Tree Trimming",1
"Trees","(none)",1
"Unwanted Recycling or Trash","Unwanted Recycling or Trash",58
"Unwanted Recycling or Trash","Other-Trash / Recycle",9
"Unwanted Recycling or Trash","Recycle Service Issue",4
"Unwanted Recycling or Trash","Illegal Dumping",3
"Unwanted Recycling or Trash","New Service/Activate Service",1
"Unwanted Recycling or Trash","Trash Service Issue",1
"Unwanted Recycling or Trash","Request 2nd Trash Cart",1
"Violence Interruption Pilot Application Submission","Cure Violence Pilot Application Submission",7
"Waste Services Recycling Collection Survey","Waste Services Recycling Collection Survey",34
"Waste Services Recycling Collection Survey","(none)",9
"Waste Services Trash Collection Survey","Waste Services Trash Collection Survey",41
"Waste Services Trash Collection Survey","(none)",28
"Water Billing Concern","Water Billing Concern",7
"Water Outage","Water Outage",3
"Water Outage","Blocked Drain",1
"WeGo Access Comments","Access Ride",2
"WeGo Access Comments","WeGo Access",1
"WeGo Customer Experience Survey","WeGo Customer Experience Survey",20
"WeGo Customer Experience Survey","(none)",3
"WeGo Public Transit Comments","MTA Bus Comments",27
"WeGo Public Transit Comments","(none)",8
"WeGo Public Transit Comments","WeGo Public Transit Bus Information",1
"WeGo Public Transit Comments","WeGo Public Transit Comments",1
"Winter Weather Recovery","Tree Maintenance on right of way",4
"Winter Weather Recovery","Remove Storm Debris",1
"Winter Weather Requests","Tree Maintenance on right of way",5
"Workforce & Jobs","Metro Jobs",6
"Workforce & Jobs","Opportunity Now",1
"Workforce & Jobs","(none)",1
"Zoning Request","Zoning Request",1